30015;58;3402;0;   ;LOCAL          
14673;58;3410;0;   ;               
28603;58;3412;0;   ;               
51822;58;3412;0;PA ;P.A.           
44486;58;3412;1;   ;               
14178;58;3416;0;   ;               
11519;58;3426;0;   ;               
27161;58;3432;0;   ;               
17715;58;3446;0;   ;               
17716;58;3446;0;   ;LOCAL          
25387;58;3454;0;   ;               
7;58;3462;0;   ;               
6810;58;3470;0;   ;               
9544;58;3484;0;   ;               
1040;58;3498;0;   ;               
721;58;3500;0;   ;               
17535;58;3504;0;   ;               
5196;58;3512;0;   ;               
41469;58;3524;0;   ;               
1720;58;3524;0;   ;LOCAL          
37451;58;3534;0;   ;               
5647;58;3536;0;   ;               
14927;58;3550;0;   ;               
28187;58;3556;0;   ;               
25778;58;3566;0;   ;               
41337;58;3574;0;   ;LOCAL          
30303;58;3574;0;   ;               
45116;58;3576;0;   ;LOCAL          
30573;58;3578;0;   ;               
19238;58;3584;0;   ;               
52809;58;3584;0;   ;LOCAL          
21695;58;3586;0;   ;               
8437;58;3616;0;   ;               
8438;58;3620;0;   ;               
10639;58;3636;0;   ;               
42774;58;3650;0;   ;               
32452;58;3656;0;   ;               
14822;58;3664;0;   ;               
45572;58;3666;0;   ;               
33962;58;3672;0;   ;               
4263;58;3680;0;   ;               
14136;58;3698;0;   ;LOCAL          
34192;58;3702;0;   ;               
7099;58;3754;0;   ;               
41258;60;3401;0;   ;               
35236;60;3419;0;   ;               
32396;60;3419;1;   ;               
169;60;3425;0;   ;               
9283;60;3426;0;   ;               
5128;60;3427;0;   ;               
6485;60;3436;0;   ;               
1608;60;3445;0;   ;               
9638;60;3446;0;   ;               
3595;60;3454;0;   ;               
18395;60;3455;0;   ;               
21029;60;3455;0;   ;FONDO          
36914;60;3466;0;   ;               
5978;60;3471;0;   ;               
11636;60;3474;0;   ;               
2691;60;3475;0;   ;               
22927;60;3484;0;   ;               
48154;60;3485;0;   ;               
5982;60;3485;0;   ;FONDO          
10962;60;3490;0;   ;               
54887;60;3500;0;   ;               
54888;60;3501;0;   ;               
24883;60;3505;0;   ;               
35556;60;3519;0;   ;               
4745;60;3520;0;   ;               
48972;60;3522;0;   ;               
2448;60;3527;0;   ;               
34928;60;3532;0;   ;               
38867;60;3533;0;   ;INTERNO        
30117;60;3533;0;   ;               
29493;60;3545;0;   ;               
37021;60;3546;0;   ;               
8923;60;3555;0;   ;               
37022;60;3556;0;   ;               
21145;60;3563;0;   ;               
3123;60;3566;0;   ;               
2635;60;3571;0;   ;               
38021;60;3572;0;   ;               
3139;60;3579;0;   ;               
11645;60;3591;0;   ;               
4103;60;3598;0;   ;               
54889;60;3600;0;   ;               
46661;60;3601;0;   ;               
21989;60;3602;0;   ;               
26269;60;3614;0;   ;               
20190;60;3637;0;   ;               
3905;60;3639;0;   ;               
13869;60;3648;0;   ;               
6102;60;3655;0;   ;               
10416;60;3656;0;   ;               
17999;60;3662;0;   ;               
38351;60;3662;1;   ;               
36777;60;3664;0;   ;               
3251;60;3667;0;   ;               
9724;60;3677;0;   ;               
4015;60;3682;0;   ;               
43293;60;3685;0;   ;               
11677;60;3690;0;   ;               
12868;60;3695;0;   ;               
22445;61;3401;0;   ;               
22444;61;3447;0;   ;COCHERA        
36726;61;3447;0;   ;LOCAL          
38760;61;3447;0;   ;               
31182;61;3455;0;   ;FONDO          
42133;61;3455;0;   ;               
31349;61;3467;0;   ;               
38761;61;3469;0;   ;               
48590;61;3469;0;   ;LOCAL          
21796;61;3476;0;   ;               
6596;61;3494;0;   ;               
28131;61;3495;0;   ;               
28132;61;3497;0;   ;               
42693;61;3498;0;   ;               
55283;61;3500;0;   ;               
55284;61;3501;0;   ;               
31736;61;3503;0;   ;               
10346;61;3514;0;   ;               
51288;61;3515;0;   ;               
17561;61;3523;0;   ;               
3480;61;3524;0;   ;               
8728;61;3534;0;   ;               
16841;61;3535;0;   ;               
31269;61;3546;0;   ;               
17341;61;3553;0;   ;               
12371;61;3554;0;   ;               
27596;61;3555;0;   ;               
5202;61;3565;0;   ;               
39575;61;3566;0;   ;               
26026;61;3567;0;   ;               
45600;61;3575;0;   ;               
6156;61;3576;0;   ;               
43345;61;3584;0;   ;FONDO          
11085;61;3584;0;   ;               
19524;61;3594;0;   ;               
30851;61;3600;0;   ;               
6293;61;3614;0;   ;               
27407;61;3624;0;   ;               
4236;61;3635;0;   ;               
35625;61;3636;0;   ;               
6094;61;3640;0;   ;               
2552;61;3645;0;   ;               
6275;61;3648;0;   ;               
12119;61;3648;0;   ;FONDO          
36145;61;3655;0;   ;               
17962;61;3663;0;   ;               
19813;61;3666;0;   ;               
24510;61;3668;0;   ;               
14601;61;3675;0;   ;               
46165;61;3685;0;   ;               
2897;61;3688;0;   ;               
19050;61;3695;0;   ;               
36419;61;3702;0;   ;               
38510;61;3713;0;   ;               
14558;61;3716;0;   ;               
34751;61;3723;0;   ;               
16258;61;3724;0;   ;               
14157;61;3729;0;   ;               
15989;61;3733;0;   ;               
19023;61;3734;0;   ;               
18389;61;3745;0;   ;               
26220;61;3755;0;   ;               
10900;61;3764;0;   ;               
25372;61;3773;0;   ;               
4055;61;3775;0;   ;               
220;61;3776;0;   ;               
6149;61;3784;0;   ;               
6139;61;3785;0;   ;               
31776;61;3792;0;   ;               
1818;61;3799;0;   ;               
54878;62;3401;0;   ;               
56030;62;3402;0;   ;               
25858;62;3403;0;   ;               
14851;62;3403;0;   ;LOCAL          
33827;62;3406;0;   ;               
56031;62;3412;0;   ;               
39;62;3420;0;   ;INTERNO        
49982;62;3420;0;   ;FRENTE         
20166;62;3425;0;   ;LOCAL          
16253;62;3428;0;   ;               
65;62;3434;0;   ;               
33031;62;3442;0;   ;LOCAL          
32120;62;3445;0;   ;               
26077;62;3445;0;1;               
23320;62;3445;0;2;               
11241;62;3445;0;3;               
28274;62;3446;0;   ;               
5835;62;3451;0;   ;               
11390;62;3454;0;   ;               
11237;62;3455;0;   ;               
37305;62;3462;0;   ;               
2047;62;3465;0;   ;LOCAL          
5929;62;3468;0;   ;LOCAL          
47739;62;3468;0;   ;               
20540;62;3468;1;   ;               
18834;62;3473;0;   ;               
1340;62;3476;0;   ;               
20700;62;3478;0;   ;               
24596;62;3483;0;   ;               
1609;62;3488;0;   ;               
12167;62;3495;0;   ;               
54879;62;3501;0;   ;               
11626;62;3508;0;   ;               
24087;62;3508;0;   ;LOCAL          
759;62;3511;0;   ;BUZON          
12161;62;3517;0;   ;               
52969;62;3518;0;   ;               
4261;62;3526;0;   ;               
5672;62;3527;0;   ;               
2835;62;3535;0;   ;               
28000;62;3536;0;   ;               
41978;62;3545;0;   ;               
31439;62;3545;0;   ;FONDO          
2041;62;3546;0;   ;               
43370;62;3555;0;   ;               
3136;62;3556;0;   ;               
4925;62;3565;0;   ;               
3152;62;3566;0;   ;               
15916;62;3574;0;   ;               
34001;62;3575;0;   ;               
3832;62;3585;0;   ;               
40598;62;3586;0;   ;               
2902;62;3596;0;   ;               
54880;62;3600;0;   ;               
54881;62;3601;0;   ;               
18086;62;3605;0;   ;               
41104;62;3617;0;   ;               
28605;62;3618;0;   ;               
56496;62;3621;0;   ;FRENTE         
8945;62;3621;0;   ;FONDO          
11963;62;3624;0;   ;               
21608;62;3627;0;   ;               
23973;62;3632;0;   ;               
16298;62;3633;0;   ;               
51639;62;3641;0;   ;FRENTE         
28622;62;3641;0;   ;               
34375;62;3644;0;   ;               
33359;62;3650;0;   ;               
13284;62;3652;0;   ;               
3809;62;3653;0;   ;               
9774;62;3654;0;   ;               
13488;62;3665;0;   ;               
6197;62;3666;0;   ;               
30610;62;3670;0;   ;               
44904;62;3676;0;   ;               
34195;62;3677;0;   ;               
25098;62;3680;0;   ;               
27963;62;3680;0;   ;LOCAL          
54774;62;3680;0;LO ;LOC.           
20472;62;3685;0;   ;               
24192;62;3695;0;   ;LOCAL          
1958;62;3698;0;   ;               
6684;62;3700;0;   ;               
39402;62;3730;0;   ;               
55455;62;3731;0;   ;               
16528;62;3732;0;   ;               
25186;62;3744;0;   ;LOCAL          
25187;62;3744;0;   ;               
47612;62;3744;1;   ;               
35483;62;3752;0;   ;               
5969;62;3754;0;   ;               
34072;62;3762;0;   ;               
8318;62;3765;0;   ;               
32902;62;3774;0;   ;               
5027;62;3786;0;   ;               
7583;62;3794;0;   ;               
43589;62;3795;0;   ;LOCAL          
43590;62;3795;0;   ;               
55450;62;3796;0;   ;               
55425;63;3401;0;   ;               
5191;63;3410;0;   ;               
49490;63;3418;0;   ;               
6262;63;3423;0;   ;               
39673;63;3424;0;   ;FONDO          
5206;63;3424;0;   ;               
11223;63;3429;0;   ;               
12694;63;3436;0;   ;               
37997;63;3443;0;   ;               
14151;63;3444;0;   ;               
48332;63;3453;0;   ;               
32172;63;3454;0;   ;               
14153;63;3470;0;   ;               
9538;63;3473;0;   ;               
20873;63;3474;0;   ;               
6645;63;3483;0;   ;               
6360;63;3490;0;   ;               
26568;63;3495;0;   ;               
4786;63;3497;0;   ;               
55346;63;3500;0;   ;               
41040;63;3501;0;   ;               
14723;63;3502;0;   ;               
48055;63;3526;0;   ;               
38810;63;3535;0;   ;               
18426;63;3544;0;   ;               
18427;63;3544;0;   ;LOCAL          
24164;63;3545;0;   ;FONDO          
9630;63;3545;0;   ;               
12077;63;3556;0;   ;               
20316;63;3561;0;   ;               
9629;63;3565;0;   ;               
38059;63;3566;0;   ;               
47683;63;3573;0;   ;               
6786;63;3576;0;   ;               
740;63;3598;0;   ;BUZON          
40443;63;3601;0;   ;               
5060;63;3602;0;   ;               
11142;63;3605;0;   ;               
13090;63;3610;0;   ;               
22683;63;3615;0;   ;               
43139;63;3625;0;   ;               
15934;63;3635;0;   ;               
46787;63;3636;0;   ;               
28176;63;3644;0;   ;               
45291;63;3645;0;   ;               
30692;63;3655;0;   ;               
20572;63;3656;0;   ;               
14146;63;3663;0;   ;               
28344;63;3666;0;   ;               
19361;63;3666;0;2;               
15811;63;3670;0;   ;               
16762;63;3685;0;   ;               
39771;63;3686;0;   ;               
40865;63;3693;0;   ;               
21719;63;3695;0;   ;               
55723;63;3700;0;   ;               
56041;63;3701;0;   ;               
17948;63;3723;0;   ;               
53624;63;3727;0;   ;               
38911;63;3730;0;   ;               
11947;63;3733;0;   ;               
38780;63;3736;0;   ;               
53197;63;3746;0;   ;               
15268;63;3747;0;   ;               
10635;63;3753;0;   ;               
26309;63;3756;0;   ;               
55565;63;3758;0;   ;               
25859;63;3762;0;   ;               
19276;63;3764;0;   ;LOCAL          
38024;63;3764;0;   ;               
32821;63;3764;0;   ;OBRAS PUBLICAS 
43447;63;3767;0;   ;OBRAS PUBLICAS 
30027;63;3767;0;   ;               
17967;63;3773;0;   ;               
19275;63;3776;0;   ;               
2702;63;3790;0;   ;               
54869;64;3401;0;   ;               
24874;64;3407;0;   ;LOCAL          
3144;64;3410;0;   ;               
10597;64;3416;0;   ;               
44809;64;3417;0;   ;               
145;64;3424;0;   ;               
31812;64;3429;0;   ;               
32801;64;3435;0;1;               
9438;64;3436;0;   ;               
32465;64;3437;0;   ;               
36190;64;3437;0;3;               
26307;64;3437;0;4;               
50446;64;3445;0;   ;               
38991;64;3445;1;   ;               
1855;64;3454;0;   ;               
18672;64;3454;0;   ;INTERNO        
10538;64;3455;0;   ;               
16501;64;3455;0;   ;LOCAL          
1606;64;3465;0;   ;               
37740;64;3468;0;   ;               
1409;64;3473;0;   ;               
39482;64;3474;0;   ;               
31756;64;3475;0;   ;               
19991;64;3486;0;   ;               
5000;64;3498;0;   ;               
54870;64;3500;0;   ;               
54871;64;3501;0;   ;               
3207;64;3504;0;   ;               
9294;64;3514;0;   ;               
1910;64;3525;0;   ;               
28423;64;3526;0;   ;               
29602;64;3532;0;   ;               
5541;64;3535;0;   ;               
19043;64;3550;0;   ;               
37049;64;3554;0;   ;               
8714;64;3555;0;   ;               
10484;64;3560;0;   ;               
10373;64;3565;0;   ;               
10240;64;3566;0;   ;               
14377;64;3567;0;   ;               
29780;64;3569;0;   ;               
44577;64;3569;0;   ;LOCAL          
48952;64;3573;0;   ;               
20246;64;3576;0;   ;FONDO          
7081;64;3576;0;   ;               
48073;64;3576;0;2;               
48071;64;3577;0;   ;               
48953;64;3585;0;   ;LOCAL          
51008;64;3585;0;   ;               
36878;64;3591;0;   ;               
1179;64;3592;0;   ;               
21295;64;3593;0;   ;               
51943;64;3595;0;   ;               
52202;64;3595;1;   ;               
54872;64;3600;0;   ;               
31088;64;3601;0;   ;               
35080;64;3605;0;   ;               
28636;64;3607;0;   ;               
10469;64;3613;0;   ;               
49902;64;3618;0;   ;               
47862;64;3623;0;   ;               
20485;64;3632;0;   ;               
1709;64;3637;0;   ;               
51440;64;3640;0;   ;               
4298;64;3642;0;   ;               
24344;64;3643;0;   ;               
8718;64;3651;0;   ;               
5712;64;3652;0;   ;               
8717;64;3653;0;   ;               
40031;64;3656;0;   ;               
24651;64;3657;0;   ;               
2199;64;3662;0;   ;               
5955;64;3671;0;   ;               
34008;64;3674;0;   ;               
5129;64;3685;0;   ;               
10718;64;3686;0;   ;               
10717;64;3688;0;   ;               
35683;64;3697;0;   ;               
18456;64;3709;0;   ;               
14777;64;3731;0;   ;               
40494;64;3731;0;   ;LOCAL          
14778;64;3731;1;   ;               
38563;64;3741;0;   ;               
16222;64;3757;0;   ;               
37045;64;3769;0;   ;               
6716;64;3771;0;   ;               
6715;64;3785;0;   ;               
53939;64;3795;0;   ;               
47831;64;3798;0;   ;LOCAL 1        
13760;65;3412;0;   ;               
11073;65;3423;0;   ;               
12210;65;3424;0;   ;               
9061;65;3434;0;   ;               
11842;65;3437;0;   ;               
42503;65;3444;0;   ;               
49792;65;3445;0;   ;               
3305;65;3447;0;   ;               
19397;65;3455;0;   ;               
17295;65;3464;0;   ;               
16459;65;3466;0;   ;               
27629;65;3474;0;   ;               
12142;65;3475;0;   ;               
21799;65;3484;0;   ;               
46286;65;3493;0;   ;               
17279;65;3498;0;   ;               
55609;65;3500;0;   ;               
39016;65;3523;0;   ;               
9648;65;3524;0;   ;               
55717;65;3526;0;   ;               
44921;65;3534;0;   ;               
15706;65;3545;0;   ;               
33811;65;3546;0;   ;               
52952;65;3555;0;   ;               
34900;65;3556;0;   ;               
19296;65;3565;0;   ;               
3240;65;3566;0;   ;               
45444;65;3574;0;   ;               
27465;65;3575;0;   ;               
45729;65;3575;5;D  ;               
12131;65;3583;0;   ;LOCAL          
12132;65;3583;0;   ;               
23697;65;3599;0;   ;               
55617;65;3600;0;   ;               
28510;65;3615;0;   ;               
19107;65;3620;0;   ;               
27458;65;3623;0;   ;               
19738;65;3630;0;   ;FONDO          
2549;65;3630;0;   ;               
38264;65;3633;0;   ;               
33617;65;3635;0;   ;               
54694;65;3643;0;PB ;P.B.           
16699;65;3643;1;   ;               
10288;65;3644;0;   ;               
56039;65;3645;0;   ;               
56040;65;3655;0;   ;               
47594;65;3657;0;   ;               
28120;65;3662;0;   ;               
33453;65;3667;0;   ;               
9290;65;3674;0;   ;               
27724;65;3675;0;   ;               
17668;65;3690;0;   ;               
17667;65;3698;0;   ;               
37006;65;3701;0;   ;               
40625;65;3715;0;   ;               
17964;65;3720;0;   ;               
5888;65;3723;0;   ;               
45007;65;3726;0;   ;               
32262;65;3733;0;   ;               
16730;65;3734;0;   ;               
17942;65;3746;0;   ;               
17988;65;3754;0;   ;               
19160;65;3755;0;   ;               
22386;65;3765;0;   ;               
17959;65;3766;0;   ;               
19164;65;3775;0;   ;               
17998;65;3776;0;   ;               
44791;65;3785;0;   ;               
16153;65;3785;0;2;               
19161;65;3795;0;   ;               
54863;66;3401;0;   ;               
18331;66;3402;0;   ;               
43011;66;3404;0;   ;               
12255;66;3408;0;   ;               
6583;66;3409;0;   ;               
17872;66;3410;0;   ;               
55856;66;3412;0;   ;               
55938;66;3416;0;   ;               
14980;66;3425;0;   ;               
56032;66;3426;0;   ;               
38192;66;3432;0;   ;               
7561;66;3435;0;   ;               
1902;66;3436;0;   ;               
42366;66;3441;0;   ;               
36908;66;3443;0;   ;               
24144;66;3445;0;   ;               
1805;66;3446;0;   ;               
10470;66;3450;0;   ;               
8687;66;3454;0;   ;               
40517;66;3454;0;   ;LOCAL          
26651;66;3454;1;   ;               
32410;66;3455;0;   ;               
4216;66;3460;0;   ;               
21942;66;3460;0;A  ;               
9058;66;3460;0;B  ;               
1087;66;3460;0;C  ;               
4215;66;3460;0;D  ;               
4264;66;3460;0;E  ;               
1676;66;3465;0;   ;               
1603;66;3474;0;   ;               
5872;66;3475;0;   ;               
10332;66;3485;0;   ;               
7460;66;3488;0;   ;               
1850;66;3492;0;   ;               
51607;66;3492;0;   ;LOCAL          
54831;66;3500;0;   ;               
54864;66;3501;0;   ;               
53857;66;3502;0;   ;               
16755;66;3502;0;   ;LOCAL          
38742;66;3520;0;   ;               
49785;66;3522;0;   ;               
1453;66;3523;0;   ;               
6373;66;3524;0;   ;               
17551;66;3535;0;   ;               
33932;66;3541;0;   ;               
1492;66;3544;0;   ;               
30263;66;3550;0;   ;               
21306;66;3552;0;   ;               
27;66;3554;0;   ;               
10239;66;3555;0;   ;               
45004;66;3562;0;   ;               
6120;66;3565;0;   ;               
6346;66;3571;0;   ;               
17735;66;3574;0;   ;               
5225;66;3579;0;   ;               
40080;66;3581;0;   ;               
33903;66;3586;0;   ;               
4088;66;3598;0;   ;               
34382;66;3599;0;   ;               
54832;66;3600;0;   ;               
17006;66;3601;0;   ;               
12176;66;3610;0;   ;               
34585;66;3614;0;   ;               
19246;66;3620;0;1;               
42633;66;3621;0;   ;               
6504;66;3624;0;2;               
1618;66;3625;0;   ;               
10310;66;3630;0;   ;               
1085;66;3635;0;   ;               
34074;66;3638;0;   ;               
16212;66;3646;0;   ;               
18849;66;3647;0;   ;               
6516;66;3653;0;   ;               
10453;66;3654;0;   ;               
37424;66;3663;0;   ;               
16398;66;3677;0;   ;               
28768;66;3680;0;   ;               
36111;66;3685;0;   ;               
49903;66;3691;0;   ;LOCAL          
33246;66;3702;0;   ;               
12367;66;3720;0;   ;               
51921;66;3722;0;PA ;P.A            
34784;66;3722;1;   ;               
22964;66;3726;0;   ;               
5463;66;3736;0;   ;               
11426;66;3744;0;   ;               
8738;66;3754;0;   ;               
15115;66;3764;0;   ;               
56061;66;3768;0;   ;               
9412;66;3774;0;   ;               
36999;66;3784;0;   ;               
37000;66;3784;0;   ;FONDO          
5414;66;3794;0;   ;               
17546;67;3401;0;   ;LOCAL          
55421;67;3401;0;   ;               
18581;67;3402;0;   ;               
4174;67;3405;0;   ;               
28037;67;3411;0;   ;               
3463;67;3423;0;   ;               
38451;67;3423;1;   ;               
13986;67;3424;0;   ;               
9611;67;3434;0;   ;               
21860;67;3435;0;   ;               
4842;67;3440;0;   ;               
436;67;3451;0;   ;               
9089;67;3454;0;   ;               
54522;67;3454;0;   ;Hansen         
11217;67;3459;0;   ;               
45429;67;3464;0;   ;               
1344;67;3465;0;   ;               
13414;67;3471;0;   ;               
6974;67;3475;0;   ;               
29417;67;3478;0;   ;               
31495;67;3484;0;   ;               
9510;67;3485;0;   ;               
8749;67;3495;0;   ;               
14984;67;3498;0;   ;               
8493;67;3507;0;   ;               
19110;67;3521;0;   ;               
8483;67;3525;0;   ;               
45964;67;3526;0;   ;               
36084;67;3530;0;   ;LOCAL          
17850;67;3535;0;   ;               
49823;67;3542;0;   ;               
18311;67;3543;0;   ;               
45587;67;3555;0;   ;               
46044;67;3556;0;   ;               
34398;67;3564;0;   ;               
35662;67;3565;0;   ;               
22098;67;3575;0;   ;               
41084;67;3576;0;   ;               
15586;67;3585;0;   ;               
27553;67;3586;0;   ;               
20071;67;3599;0;   ;               
52013;67;3613;0;   ;               
46670;67;3625;0;   ;               
53192;67;3645;0;   ;               
45540;67;3685;0;   ;               
7685;67;3688;0;   ;               
40426;67;3705;0;   ;               
37548;67;3715;0;   ;               
10865;67;3716;0;   ;               
28122;67;3725;0;   ;               
18075;67;3726;0;   ;               
49145;67;3732;0;   ;               
35388;67;3735;0;   ;               
864;67;3741;0;   ;               
30339;67;3745;0;   ;               
26085;67;3751;0;   ;               
19171;67;3754;0;   ;               
31098;67;3761;0;   ;               
16079;67;3764;0;   ;               
18260;67;3774;0;   ;               
26154;67;3775;0;   ;               
19819;67;3784;0;   ;               
52374;67;3787;0;   ;               
19197;67;3794;0;   ;               
54825;68;3401;0;   ;               
36371;68;3408;0;   ;               
56706;68;3408;0;10;               
56841;68;3408;0;3;               
56831;68;3408;0;4;               
56809;68;3408;0;6;               
56813;68;3408;0;7;               
56780;68;3408;0;8;               
56797;68;3408;0;9;               
56777;68;3408;1;34;               
56745;68;3408;1;35;               
56843;68;3408;1;37;               
56743;68;3408;1;40;               
56742;68;3408;1;41;               
7225;68;3415;0;   ;               
15885;68;3419;0;   ;               
39073;68;3423;0;   ;               
5864;68;3431;0;   ;               
35205;68;3453;0;   ;               
33229;68;3453;0;   ;FONDO          
28358;68;3455;0;   ;FONDO          
199;68;3455;0;   ;               
26124;68;3456;0;   ;               
14852;68;3460;0;   ;               
21419;68;3464;0;   ;               
9979;68;3467;0;   ;               
9700;68;3467;0;   ;FONDO          
42771;68;3467;0;5;               
1529;68;3474;0;   ;               
37146;68;3478;0;   ;               
54826;68;3500;0;   ;               
54827;68;3501;0;   ;               
46876;68;3505;0;   ;               
17157;68;3506;0;   ;               
22893;68;3511;0;   ;               
17093;68;3512;0;   ;               
12112;68;3517;0;   ;FONDO          
16490;68;3517;0;   ;LOCAL          
42342;68;3517;0;   ;               
2527;68;3522;0;   ;               
39437;68;3525;0;   ;LOCAL          
7347;68;3534;0;   ;INTERNO        
17441;68;3534;0;   ;               
22454;68;3537;0;   ;               
14685;68;3546;0;   ;               
51366;68;3549;0;   ;               
6389;68;3551;0;   ;               
34200;68;3554;0;   ;               
3525;68;3561;0;   ;               
20259;68;3566;0;   ;               
15113;68;3570;0;   ;               
23054;68;3572;0;   ;               
3994;68;3575;0;   ;               
15833;68;3583;0;   ;               
6029;68;3584;0;   ;               
2253;68;3593;0;   ;               
11045;68;3594;0;   ;               
19748;68;3600;0;   ;               
54828;68;3601;0;   ;               
9576;68;3604;0;   ;               
38157;68;3615;0;   ;FRENTE         
9396;68;3615;0;   ;               
38156;68;3615;0;1;               
33252;68;3615;0;2;               
18124;68;3616;0;   ;               
13807;68;3625;0;   ;               
6564;68;3630;0;   ;               
14870;68;3634;0;   ;               
31639;68;3635;0;   ;               
46493;68;3644;0;   ;               
39003;68;3645;0;   ;               
2514;68;3651;0;   ;               
10626;68;3654;0;   ;FONDO          
15645;68;3654;0;   ;LOCAL          
32437;68;3654;0;   ;               
49450;68;3654;0;1;FONDO          
49479;68;3654;0;2;FONDO          
6170;68;3667;0;   ;               
1619;68;3674;0;   ;LOCAL          
40609;68;3674;0;   ;               
19090;68;3675;0;   ;               
1082;68;3694;0;   ;               
28857;68;3697;0;   ;LOCAL          
28859;68;3697;0;   ;               
38011;68;3702;0;   ;LOCAL          
34620;68;3705;0;   ;               
27247;68;3715;0;   ;               
10527;68;3718;0;   ;               
5171;68;3719;0;   ;               
4050;68;3735;0;   ;               
8952;68;3736;0;   ;               
7269;68;3745;0;   ;               
47368;68;3746;0;   ;               
50945;68;3754;0;   ;               
23025;68;3755;0;   ;               
29933;68;3764;0;   ;               
6138;68;3773;0;   ;               
51254;68;3774;0;   ;               
31920;68;3775;0;   ;               
18137;68;3785;0;   ;               
16800;68;3786;0;   ;               
16799;68;3790;0;   ;LOCAL          
18136;68;3795;0;   ;               
39054;69;3404;0;   ;               
16282;69;3412;0;   ;               
18328;69;3413;0;   ;               
47352;69;3415;0;   ;               
23850;69;3417;0;   ;               
34207;69;3424;0;   ;               
55930;69;3425;0;   ;               
27723;69;3434;0;   ;               
8634;69;3435;0;   ;               
25726;69;3445;0;   ;               
28396;69;3446;0;   ;               
6611;69;3455;0;   ;               
54321;69;3455;0;   ;FONDO          
42587;69;3456;0;   ;               
9476;69;3459;0;   ;               
4726;69;3464;0;   ;               
35024;69;3475;0;   ;               
7501;69;3476;0;   ;               
32752;69;3483;0;   ;               
9219;69;3484;0;   ;               
7205;69;3497;0;   ;               
55474;69;3498;0;   ;               
55480;69;3500;0;   ;               
15102;69;3502;0;   ;               
15103;69;3504;0;   ;               
19938;69;3515;0;   ;               
29337;69;3516;0;   ;               
39668;69;3523;0;   ;               
8497;69;3526;0;   ;               
28400;69;3533;0;   ;               
17923;69;3536;0;   ;               
56372;69;3537;0;   ;               
37749;69;3542;0;   ;LOCAL          
54554;69;3542;0;LO ;LOC            
40508;69;3545;0;   ;               
5786;69;3554;0;   ;               
34402;69;3555;0;   ;               
35267;69;3566;0;   ;               
28677;69;3567;0;   ;               
46949;69;3571;0;   ;               
40950;69;3573;0;   ;               
19503;69;3574;0;   ;               
21992;69;3581;0;   ;               
12570;69;3582;0;   ;               
23399;69;3595;0;   ;               
17824;69;3596;0;   ;               
51771;69;3608;0;   ;               
41769;69;3611;0;   ;OBRAS PUBLICAS 
41770;69;3611;0;   ;               
33231;69;3617;0;   ;               
27252;69;3621;0;   ;               
39493;69;3629;0;   ;               
43002;69;3633;0;   ;OBRAS PUBLICAS 
43003;69;3633;0;   ;               
45774;69;3636;0;1;               
51088;69;3636;0;2;               
45822;69;3636;0;3;               
41773;69;3637;0;   ;               
41774;69;3637;0;   ;OBRAS PUBLICAS 
38663;69;3661;0;   ;               
33079;69;3667;0;   ;               
35155;69;3671;0;   ;               
48307;69;3678;0;   ;               
31921;69;3679;0;   ;               
48258;69;3682;0;   ;               
32439;69;3683;0;   ;               
43467;69;3697;0;   ;               
31210;69;3698;0;   ;               
46646;69;3705;0;   ;               
32971;69;3714;0;   ;               
28497;69;3719;0;   ;               
44730;69;3725;0;   ;               
29279;69;3726;0;   ;               
13341;69;3735;0;   ;               
32964;69;3745;0;   ;               
51763;69;3746;0;   ;               
46779;69;3754;0;   ;               
25341;69;3767;0;   ;               
27888;69;3768;0;   ;               
32012;69;3774;0;   ;               
23995;69;3775;0;   ;               
28920;69;3785;0;   ;               
34425;69;3786;0;   ;               
35785;69;3795;0;   ;               
14208;69;3795;0;   ;LOCAL          
54815;70;3401;0;   ;               
4297;70;3414;0;   ;               
33423;70;3424;0;   ;               
30568;70;3428;0;   ;               
5201;70;3433;0;   ;               
37313;70;3434;0;   ;               
6376;70;3442;0;   ;               
10243;70;3442;0;   ;FRENTE         
41222;70;3442;0;2;               
32952;70;3442;0;3;               
47764;70;3442;0;4;               
43912;70;3442;0;5;               
1519;70;3442;0;6;               
47766;70;3442;0;7;               
34587;70;3442;0;8;               
38792;70;3442;1;1;               
15605;70;3443;0;   ;               
21694;70;3450;0;   ;               
4489;70;3450;0;   ;FONDO          
53784;70;3450;3;FD ;FDO.           
35139;70;3451;0;   ;               
22634;70;3458;0;   ;               
6004;70;3461;0;   ;               
420;70;3468;0;   ;               
19628;70;3474;0;   ;               
38604;70;3475;0;   ;               
26116;70;3483;0;   ;               
5508;70;3484;0;   ;LOCAL          
2674;70;3484;0;   ;               
54816;70;3500;0;   ;               
54817;70;3501;0;   ;               
753;70;3507;0;   ;               
9953;70;3512;0;   ;               
443;70;3523;0;   ;               
1549;70;3531;0;   ;               
2216;70;3532;0;   ;               
37071;70;3542;0;   ;               
33583;70;3546;0;   ;LOCAL          
5559;70;3547;0;   ;               
36969;70;3552;0;   ;FRENTE         
35314;70;3552;0;   ;               
48700;70;3553;0;   ;               
46184;70;3554;0;   ;FRENTE         
36665;70;3565;0;   ;               
18484;70;3566;0;   ;               
33875;70;3575;0;   ;               
3325;70;3576;0;   ;               
15630;70;3587;0;   ;               
12276;70;3588;0;   ;               
15957;70;3597;0;   ;               
3157;70;3598;0;   ;               
54818;70;3600;0;   ;               
54819;70;3601;0;   ;               
33230;70;3605;0;   ;               
10955;70;3615;0;   ;               
51951;70;3616;0;   ;               
29761;70;3624;0;   ;               
42645;70;3624;0;   ;FONDO          
3349;70;3628;0;   ;               
52019;70;3634;0;   ;               
37585;70;3634;0;   ;LOCAL          
7177;70;3635;0;   ;               
43336;70;3642;0;   ;               
4714;70;3643;0;   ;               
4715;70;3645;0;   ;               
37320;70;3646;0;   ;               
45936;70;3647;0;   ;               
47905;70;3665;0;   ;               
52707;70;3667;0;   ;               
2535;70;3669;0;   ;               
22664;70;3675;0;   ;               
30141;70;3676;0;   ;               
3605;70;3687;0;   ;               
21949;70;3692;1;   ;               
37589;70;3694;0;   ;LOCAL          
36907;70;3695;0;   ;               
12124;70;3705;0;   ;               
54477;70;3705;1;   ;               
37248;70;3722;0;   ;               
19519;70;3734;0;   ;               
23583;70;3735;0;   ;               
18206;70;3745;0;   ;               
17826;70;3755;0;   ;               
34872;70;3756;0;   ;               
43704;70;3763;0;   ;               
9631;70;3775;0;   ;               
2758;70;3776;0;   ;               
55571;70;3781;0;   ;               
23880;70;3783;0;   ;               
36388;70;3785;0;   ;               
33432;70;3798;0;   ;               
6926;70;3799;0;   ;               
14742;71;3409;0;   ;               
7646;71;3414;0;   ;               
6108;71;3427;0;   ;               
2599;71;3428;0;   ;               
39406;71;3429;0;   ;LOCAL          
37279;71;3436;0;   ;               
1866;71;3437;0;   ;               
16872;71;3444;0;   ;FRENTE         
17774;71;3444;0;   ;FONDO          
21457;71;3452;0;   ;               
26015;71;3454;0;   ;               
43371;71;3454;0;   ;FONDO          
5421;71;3455;0;   ;               
9573;71;3464;0;   ;               
14667;71;3465;0;   ;               
38650;71;3475;0;   ;FONDO          
38580;71;3475;0;   ;               
42747;71;3476;0;   ;               
45459;71;3484;0;   ;               
2551;71;3485;0;   ;               
7560;71;3486;0;   ;               
18771;71;3498;0;   ;               
36818;71;3513;0;   ;               
38345;71;3522;0;   ;               
5772;71;3525;0;   ;               
4197;71;3535;0;   ;               
23158;71;3537;0;   ;               
3107;71;3550;0;   ;               
38282;71;3565;0;   ;               
51653;71;3566;0;   ;FONDO          
35003;71;3566;0;   ;               
38781;71;3573;0;   ;               
6875;71;3581;0;   ;               
27744;71;3593;0;   ;               
17508;71;3596;0;   ;               
695;71;3600;0;   ;               
36227;71;3605;0;   ;LOCAL          
40223;71;3605;0;   ;               
37776;71;3615;0;   ;LOCAL          
43750;71;3615;1;   ;               
31440;71;3618;0;   ;OBRAS PUBLICAS 
31441;71;3618;0;   ;               
32554;71;3622;0;   ;               
41742;71;3622;0;   ;OBRAS PUBLICAS 
43190;71;3625;0;   ;               
36064;71;3630;0;   ;OBRAS PUBLICAS 
36065;71;3630;0;   ;               
56376;71;3634;0;   ;               
24848;71;3635;0;   ;               
31416;71;3644;0;   ;               
33106;71;3645;0;   ;               
33107;71;3655;0;   ;               
43739;71;3656;0;   ;               
53010;71;3665;0;   ;               
39629;71;3668;0;   ;               
44235;71;3672;0;   ;               
51383;71;3675;0;   ;               
44174;71;3680;0;   ;               
45073;71;3684;0;   ;               
23522;71;3685;0;   ;               
40469;71;3698;0;   ;               
8445;71;3703;0;   ;               
51603;71;3710;0;   ;               
29835;71;3714;0;   ;               
15621;71;3725;0;   ;               
35808;71;3726;0;   ;               
27256;71;3734;0;   ;               
53926;71;3745;0;   ;               
26548;71;3746;0;   ;               
54184;71;3755;0;   ;               
35582;71;3756;0;   ;               
48350;71;3765;0;   ;               
33810;71;3775;0;   ;               
19298;71;3776;0;   ;               
19297;71;3784;0;   ;               
1127;72;3401;0;   ;               
28647;72;3402;0;   ;               
49514;72;3402;1;   ;               
2466;72;3412;0;   ;               
21729;72;3422;0;   ;               
39658;72;3432;0;   ;FONDO          
40524;72;3432;0;   ;               
37530;72;3440;0;   ;               
38562;72;3445;0;   ;               
17864;72;3455;0;   ;               
1075;72;3456;0;   ;               
21058;72;3457;0;   ;               
17487;72;3468;0;   ;               
26529;72;3475;0;   ;               
13140;72;3476;0;   ;               
16697;72;3476;0;1;               
48018;72;3476;0;2;               
1288;72;3479;0;   ;               
29226;72;3486;0;   ;               
14403;72;3496;0;   ;               
23173;72;3498;0;   ;               
25468;72;3498;0;   ;LOCAL          
54806;72;3500;0;   ;               
54807;72;3501;0;   ;               
46551;72;3502;0;   ;LOCAL          
9532;72;3510;0;   ;               
6878;72;3522;0;   ;               
37275;72;3523;0;   ;               
18168;72;3532;0;   ;               
20497;72;3535;0;   ;               
35804;72;3545;0;   ;               
10770;72;3545;0;   ;FONDO          
17821;72;3546;0;   ;               
2336;72;3554;0;   ;               
10790;72;3555;0;   ;               
42468;72;3555;0;   ;FONDO          
17684;72;3565;0;   ;               
33272;72;3577;0;   ;               
29443;72;3577;0;   ;FRENTE         
44676;72;3577;0;   ;INTERNO        
35352;72;3577;0;   ;LOCAL          
37222;72;3577;0;   ;FONDO          
35353;72;3577;0;1;               
19860;72;3577;0;2;               
32409;72;3585;0;   ;               
43791;72;3585;0;2;               
41533;72;3596;0;   ;               
54808;72;3600;0;   ;               
54809;72;3601;0;   ;               
45255;72;3607;0;   ;LOCAL          
34673;72;3609;0;   ;LOCAL          
36023;72;3619;0;   ;               
55698;72;3625;0;   ;               
19999;72;3625;0;   ;LOCAL          
46181;72;3631;0;   ;LOCAL          
47580;72;3631;0;B  ;               
46508;72;3633;0;B  ;               
34907;72;3633;0;C  ;               
46369;72;3633;0;D  ;               
45297;72;3633;1;C  ;               
45694;72;3633;1;D  ;               
37975;72;3635;0;   ;               
34539;72;3635;0;A  ;               
11227;72;3635;0;B  ;               
30551;72;3635;0;C  ;               
22631;72;3635;0;D  ;               
13424;72;3637;0;   ;LOCAL          
3043;72;3645;0;   ;               
5902;72;3655;0;   ;               
18244;72;3665;0;   ;               
16685;72;3665;0;   ;LOCAL          
2554;72;3675;0;   ;               
5419;72;3695;0;   ;               
39775;72;3715;0;   ;               
10606;72;3716;0;   ;               
14626;72;3719;0;   ;               
42343;72;3725;0;   ;               
50216;72;3729;0;   ;               
43380;72;3730;0;   ;               
10126;72;3735;0;   ;               
14623;72;3736;0;   ;               
29281;72;3745;0;   ;               
23934;72;3752;0;   ;               
16467;72;3753;0;   ;               
52473;72;3766;0;   ;               
26377;72;3767;0;   ;               
4802;72;3775;0;   ;               
9620;72;3785;0;   ;               
10684;72;3797;0;   ;               
17851;74;3425;0;   ;               
40933;74;3435;0;   ;               
27104;74;3455;0;   ;               
27105;74;3455;0;   ;LOCAL          
51131;74;3457;0;   ;LOCAL          
15718;74;3467;0;   ;               
3878;74;3477;0;   ;               
56510;74;3477;0;2;               
54678;74;3477;0;PA ;               
50661;74;3479;0;   ;LOCAL          
33475;74;3479;0;   ;               
54160;74;3479;0;LO ;LOC.           
723;74;3503;0;   ;BUZON          
24370;74;3515;0;   ;LOCAL 2        
40677;74;3515;0;   ;LOCAL 3        
36672;74;3515;0;   ;               
34012;74;3525;0;   ;               
36572;74;3545;0;   ;FONDO          
7874;74;3545;0;   ;               
9237;74;3555;0;   ;               
11479;74;3555;0;   ;LOCAL          
18376;74;3565;0;   ;               
19536;74;3569;0;   ;               
48019;74;3591;0;   ;LOCAL          
40246;74;3593;0;   ;LOCAL          
41122;74;3595;0;   ;LOCAL          
24618;74;3595;0;   ;               
24619;74;3599;0;   ;LOCAL          
851;74;3699;0;   ;               
14942;74;3735;0;   ;               
8683;74;3751;0;   ;               
36343;74;3765;0;   ;               
33084;74;3767;0;   ;               
56186;75;2625;0;   ;               
40585;75;2701;0;   ;LOCAL 16       
26555;75;2701;0;   ;LOCAL 7        
37488;75;2701;0;   ;LOCAL 8        
34347;75;2701;0;   ;LOCAL 15       
41174;75;2701;0;   ;LOCAL 9        
44025;75;2701;0;   ;LOCAL 5        
44026;75;2701;0;   ;LOCAL 2        
44027;75;2701;0;   ;LOCAL 18       
44041;75;2701;0;   ;LOCAL 3        
44044;75;2701;0;   ;LOCAL 4        
44081;75;2701;0;   ;LOCAL 12       
35260;75;2701;0;   ;LOCAL 14       
49341;75;2701;0;   ;LOCAL 13-14    
35664;75;2701;0;   ;LOCAL 17       
48077;75;2701;0;   ;LOCAL 10       
43799;75;2701;0;   ;LOCAL 11       
20544;75;2701;0;   ;LOCAL 6        
25004;75;2701;0;   ;LOCAL 13       
39293;75;2801;0;   ;               
690;75;2803;0;   ;BUZON          
6685;75;2811;0;   ;               
33235;75;2825;0;   ;               
3403;75;2833;0;   ;LOCAL          
4698;75;2833;0;   ;               
31122;75;2845;0;   ;               
20072;75;2853;0;   ;               
5084;75;2865;0;   ;               
16690;75;2869;0;   ;FONDO          
7325;75;2869;0;   ;FRENTE         
7326;75;2869;0;   ;INTERNO        
38492;75;2869;0;   ;               
40560;75;2869;0;2;               
40742;75;2877;0;   ;               
34819;75;2885;0;   ;               
10884;75;2893;0;   ;               
10375;75;2899;0;   ;LOCAL          
2443;75;2899;0;   ;               
12274;75;2915;0;   ;               
48650;75;2915;0;   ;LOCAL          
6353;75;3017;0;   ;               
49731;75;3017;0;   ;LOCAL          
55755;75;3031;0;   ;               
41364;75;3055;0;   ;               
41934;75;3063;0;   ;FONDO          
12548;75;3063;0;   ;               
21307;75;3063;0;1;               
2651;75;3063;0;2;               
34530;75;3063;0;3;               
52668;75;3063;0;4;               
44587;75;3063;2;   ;               
3142;75;3067;0;   ;               
21908;75;3067;0;   ;INTERNO        
9666;75;3123;0;   ;               
14259;75;3135;0;   ;               
325;75;3165;0;   ;               
6566;75;3167;0;   ;               
19477;75;3177;0;   ;               
14666;75;3185;0;   ;               
679;75;3197;0;   ;BUZON          
15958;75;3207;0;LO ;LOC.           
26632;75;3215;0;   ;               
31757;75;3221;0;   ;               
40299;75;3221;0;   ;LOCAL          
2822;75;3221;1;   ;               
29332;75;3225;0;   ;               
47742;75;3225;0;   ;LOCAL          
44893;75;3225;1;   ;               
6923;75;3245;0;   ;               
9881;75;3251;0;   ;               
27525;75;3251;0;   ;LOCAL          
9519;75;3265;0;   ;               
46950;75;3265;0;   ;LOCAL          
32213;75;3269;0;   ;               
53936;75;3277;0;   ;LOCAL          
271;75;3277;0;   ;               
36955;75;3283;0;   ;               
50277;75;3285;0;   ;LOCAL          
56045;75;3295;0;   ;               
17283;75;3299;0;   ;               
56772;75;3307;0;   ;LOCAL 4        
56835;75;3307;0;   ;LOCAL 3        
56603;75;3307;0;   ;               
56906;75;3307;1;A  ;               
56795;75;3307;1;B  ;               
26965;75;3321;0;   ;               
43720;75;3325;0;   ;               
33277;75;3335;0;   ;               
19861;75;3335;0;   ;FONDO          
38756;75;3335;0;FD ;FDO.           
17004;75;3349;0;   ;               
51684;75;3349;1;   ;               
47832;75;3353;0;   ;LOCAL          
32636;75;3353;0;   ;               
36755;75;3353;0;   ;INTERNO        
23226;75;3367;0;   ;               
23741;75;3373;0;   ;               
2686;75;3383;0;   ;               
14001;75;3393;0;   ;               
35634;77;2809;0;   ;               
19721;77;2816;0;   ;               
39850;77;2824;0;   ;               
17737;77;2825;0;   ;               
35076;77;2828;0;   ;               
26066;77;2832;0;   ;               
34396;77;2843;0;   ;               
15487;77;2852;0;   ;               
54094;77;2869;0;   ;               
31535;77;2876;0;   ;               
35943;77;2876;0;1;               
47378;77;2876;0;2;               
48137;77;2876;0;3;               
54615;77;2876;0;3;P.B.           
49328;77;2876;0;4;               
45683;77;2876;0;5;               
8783;77;2881;0;   ;               
30852;77;2900;0;   ;               
30853;77;3000;0;   ;               
21441;77;3005;0;   ;               
55879;77;3007;0;   ;               
6151;77;3015;0;   ;               
16448;77;3019;1;   ;               
56482;77;3019;2;   ;               
36882;77;3024;0;   ;               
14529;77;3025;0;   ;               
6328;77;3035;0;   ;               
47572;77;3036;0;   ;               
24173;77;3040;0;   ;               
22205;77;3045;0;   ;               
25293;77;3050;0;   ;               
4412;77;3055;0;   ;               
55942;77;3057;0;   ;               
9484;77;3064;0;   ;               
20726;77;3067;0;   ;               
51650;77;3075;0;   ;               
19538;77;3085;0;   ;               
15812;77;3120;0;   ;               
49580;77;3123;0;   ;               
15078;77;3134;0;   ;               
36354;77;3141;0;   ;               
6153;77;3145;0;   ;               
19544;77;3146;0;   ;               
21883;77;3154;0;   ;               
34004;77;3155;0;   ;               
23711;77;3156;0;   ;               
8364;77;3165;0;   ;               
32489;77;3167;0;   ;               
36863;77;3170;0;   ;               
29496;77;3190;0;   ;               
42610;77;3216;0;   ;               
6032;77;3217;0;   ;               
34397;77;3226;0;   ;               
30237;77;3227;0;   ;               
3718;77;3235;0;   ;               
21780;77;3236;0;   ;               
21404;77;3244;0;   ;               
32503;77;3245;0;   ;               
19520;77;3255;0;   ;               
44806;77;3259;0;   ;               
18362;77;3262;0;   ;               
20993;77;3264;0;   ;               
23130;77;3266;0;   ;LOCAL          
19866;77;3268;0;   ;               
49246;77;3273;0;   ;               
47005;77;3283;0;   ;               
53297;77;3327;0;   ;               
4437;77;3335;0;   ;               
49146;77;3342;0;   ;               
14655;77;3350;0;   ;               
43876;77;3357;0;   ;               
48678;77;3365;0;   ;               
17662;77;3376;0;   ;               
47426;77;3385;0;   ;               
14704;77;3387;0;   ;               
53703;78;2626;0;   ;               
34750;78;2627;0;   ;               
42751;78;2633;0;   ;               
52028;78;2642;0;   ;               
36742;78;2643;0;   ;               
31343;78;2655;0;   ;               
53948;78;2658;0;   ;               
36895;78;2665;0;   ;               
52725;78;2672;0;   ;               
37666;78;2673;0;   ;               
55537;78;2700;0;   ;               
42217;78;2702;0;   ;               
39730;78;2715;0;   ;               
41877;78;2716;0;   ;               
31086;78;2727;0;   ;               
51384;78;2734;0;   ;               
20154;78;2735;0;   ;               
20156;78;2735;0;   ;LOCAL          
43910;78;2744;0;   ;               
27125;78;2745;0;   ;               
9649;78;2749;0;   ;               
55929;78;2755;0;   ;               
36025;78;2756;0;   ;               
2305;78;2765;0;   ;               
17665;78;2766;0;   ;INTERNO        
17666;78;2766;0;   ;               
45522;78;2766;0;   ;FRENTE         
38705;78;2766;0;   ;FONDO          
35069;78;2776;0;   ;               
55940;78;2779;0;   ;               
55917;78;2781;0;   ;               
26303;78;2784;0;   ;               
55539;78;2787;0;   ;               
10877;78;2789;0;   ;               
55538;78;2800;0;   ;               
3431;78;2801;0;   ;               
19324;78;2823;0;   ;               
16977;78;2833;0;   ;               
2309;78;2835;0;   ;               
55916;78;2841;0;   ;               
1937;78;2845;0;   ;               
33078;78;2846;0;   ;               
55981;78;2855;0;   ;               
47827;78;2857;0;   ;               
55900;78;2865;0;   ;               
5995;78;2921;0;   ;               
50662;78;2923;0;   ;               
2193;78;2924;0;   ;               
13374;78;2933;0;   ;               
18597;78;2933;1;   ;               
3781;78;2934;0;   ;               
14074;78;2946;0;   ;               
22969;78;2954;0;   ;               
7868;78;2961;0;   ;               
38190;78;2971;0;   ;               
38202;78;2972;0;   ;               
32819;78;2975;0;   ;               
172;78;2978;0;   ;               
2760;78;2985;0;   ;               
7185;78;2998;0;   ;               
14707;78;3002;0;   ;               
8233;78;3005;0;   ;               
7795;78;3014;0;   ;               
3918;78;3015;0;   ;               
13173;78;3024;0;   ;               
2177;78;3025;0;   ;               
2178;78;3025;0;   ;FONDO          
34824;78;3035;0;   ;               
17275;78;3045;0;   ;               
26030;78;3046;0;   ;               
2993;78;3054;0;   ;               
40800;78;3054;0;   ;FONDO          
17707;78;3055;0;   ;               
35455;78;3064;0;   ;               
15628;78;3065;0;   ;               
5018;78;3070;0;   ;               
17568;78;3075;0;   ;               
4149;78;3080;0;   ;               
24531;78;3080;0;   ;LOCAL          
17605;78;3085;0;   ;               
36579;78;3086;0;   ;               
17572;78;3095;0;   ;               
55674;78;3100;0;   ;               
55673;78;3101;0;   ;               
33640;78;3105;0;   ;               
24277;78;3105;0;   ;LOCAL          
12029;78;3110;0;   ;               
51527;78;3125;0;   ;               
34357;78;3134;0;   ;               
5029;78;3135;0;   ;               
28655;78;3150;0;   ;               
44722;78;3155;0;   ;               
4148;78;3158;0;   ;               
27586;78;3165;0;   ;               
25182;78;3166;0;   ;               
18651;78;3167;0;   ;               
365;78;3176;0;   ;               
27172;78;3185;0;   ;               
3375;78;3186;0;   ;               
51596;78;3193;0;   ;               
28144;78;3194;0;   ;               
8896;78;3202;0;   ;               
28535;78;3215;0;   ;               
53488;78;3225;0;   ;               
50054;78;3234;0;   ;FONDO          
50053;78;3236;0;   ;FRENTE         
26081;78;3236;0;   ;               
28115;78;3237;0;   ;               
21449;78;3246;0;   ;LOCAL          
21450;78;3246;0;   ;               
15887;78;3255;0;   ;               
17158;78;3265;0;   ;               
45238;78;3273;0;   ;               
7686;78;3280;0;   ;LOCAL          
54454;78;3280;0;   ;               
25041;78;3285;0;   ;               
41916;78;3304;0;   ;               
41917;78;3306;0;   ;               
19290;78;3325;0;   ;               
50705;78;3334;0;   ;               
31303;78;3335;0;   ;               
43787;78;3345;0;   ;               
20948;78;3355;0;   ;               
49745;78;3356;0;   ;               
47400;78;3365;0;   ;               
53082;78;3375;0;   ;               
20754;79;2621;0;   ;LOCAL          
20755;79;2621;0;   ;               
15683;79;2635;0;   ;               
15684;79;2635;0;   ;OBRAS PUBLICAS 
4569;79;2645;0;   ;               
9539;79;2655;0;   ;               
21037;79;2665;0;   ;               
21038;79;2665;0;   ;OBRAS PUBLICAS 
34609;79;2669;0;   ;               
36161;79;2669;0;   ;FONDO          
4504;79;2683;0;   ;               
11369;79;2689;0;   ;               
1563;79;2690;0;   ;               
56884;79;2692;0;   ;               
36446;79;2699;0;   ;               
11370;79;2700;0;   ;               
2705;79;2705;0;   ;               
35836;79;2705;1;   ;               
28359;79;2715;0;   ;               
16717;79;2725;0;   ;               
24178;79;2735;0;   ;               
5378;79;2753;0;   ;               
13694;79;2757;0;   ;               
14983;79;2765;0;   ;               
28329;79;2775;0;   ;               
47032;79;2775;0;   ;FONDO          
1561;79;2780;0;   ;               
40941;79;2785;0;   ;               
23184;79;2787;0;   ;               
32328;79;2795;0;   ;               
45879;79;2815;0;   ;               
40398;79;2819;0;   ;               
6423;79;2823;0;   ;               
10959;79;2830;0;   ;               
53448;79;2835;0;   ;               
19245;79;2856;0;   ;               
50154;79;2857;0;   ;               
33806;79;2863;0;   ;               
53980;79;2866;0;   ;FONDO          
12699;79;2875;0;   ;               
20711;79;2880;0;   ;               
4657;79;2883;0;   ;               
51158;79;2884;0;   ;               
12004;79;2899;0;   ;               
52177;79;2925;0;   ;               
49319;79;2935;0;   ;               
45044;79;2945;0;   ;               
24146;79;2955;0;   ;               
1736;79;2967;0;   ;               
9352;79;2979;0;   ;               
30577;79;2990;0;   ;LOCAL          
34542;79;2991;0;   ;FONDO          
40655;79;2991;0;   ;               
53278;79;3005;0;   ;               
52228;79;3015;0;   ;               
30492;79;3023;0;   ;               
8494;79;3030;0;   ;               
35574;79;3033;0;   ;               
34903;79;3035;0;   ;               
14642;79;3040;0;   ;               
22068;79;3050;0;   ;               
44697;79;3055;0;   ;               
40221;79;3067;0;   ;               
47793;79;3070;0;   ;               
27657;79;3073;0;   ;               
44641;79;3085;0;   ;               
56715;79;3095;0;   ;               
2658;79;3098;0;   ;               
44733;79;3114;0;   ;               
39942;79;3115;0;   ;               
2356;79;3124;0;   ;               
21820;79;3125;0;   ;               
34363;79;3134;0;   ;               
15784;79;3135;0;   ;               
37047;79;3141;0;   ;               
4416;79;3144;0;   ;               
56054;79;3145;0;   ;               
14559;79;3154;0;   ;               
31939;79;3155;0;   ;               
31059;79;3164;0;   ;               
37171;79;3170;0;   ;               
52988;79;3175;0;   ;               
14144;79;3182;0;   ;               
52855;79;3185;0;   ;               
29764;79;3199;0;   ;               
687;79;3200;0;   ;               
43502;79;3206;0;   ;               
43390;79;3207;0;   ;               
40513;79;3216;0;   ;               
2565;79;3225;0;   ;               
18280;79;3226;0;   ;               
21154;79;3231;0;   ;               
21261;79;3236;0;   ;               
20505;79;3240;0;   ;               
8609;79;3245;0;   ;               
53182;79;3248;0;   ;               
49486;79;3254;0;   ;               
2408;79;3255;0;   ;               
22545;79;3263;0;   ;               
52297;79;3264;0;   ;               
36055;79;3274;0;   ;               
21600;79;3276;0;   ;               
26787;79;3285;0;   ;               
56596;79;3287;0;   ;               
53753;79;3333;0;   ;               
54305;79;3334;0;   ;               
56055;79;3335;0;   ;               
11253;79;3336;0;   ;               
38576;79;3342;0;   ;               
30349;79;3343;0;   ;               
56063;79;3351;0;   ;               
56052;79;3352;0;   ;               
37582;79;3354;0;   ;               
36460;79;3355;0;   ;               
12509;79;3364;0;   ;               
23196;79;3371;0;   ;               
32501;79;3380;0;   ;               
27568;80;2628;0;   ;               
42572;80;2636;0;   ;               
47564;80;2645;0;   ;               
13532;80;2648;0;   ;               
4018;80;2652;0;   ;               
51687;80;2657;0;   ;               
13851;80;2668;0;   ;               
18499;80;2672;0;   ;               
20987;80;2700;0;   ;               
2195;80;2717;0;   ;               
16318;80;2725;0;   ;               
14960;80;2726;0;   ;               
11555;80;2734;0;   ;               
45407;80;2735;0;   ;               
28878;80;2745;0;   ;               
31997;80;2746;0;   ;               
26084;80;2754;0;   ;               
55730;80;2755;0;   ;               
15192;80;2757;0;   ;               
55731;80;2764;0;   ;               
55729;80;2765;0;   ;               
13234;80;2766;0;   ;               
21738;80;2775;0;   ;               
10927;80;2776;0;   ;               
15070;80;2783;0;   ;               
45723;80;2783;0;   ;FRENTE         
45724;80;2783;0;   ;FONDO          
55728;80;2785;0;   ;               
52107;80;2790;0;   ;               
52186;80;2790;0;   ;LOCAL          
34953;80;2792;1;   ;               
52461;80;2794;0;   ;               
17607;80;2802;0;   ;               
26216;80;2812;0;   ;               
55737;80;2824;0;   ;               
40861;80;2826;0;   ;LOCAL          
9240;80;2826;0;   ;               
55735;80;2834;0;   ;               
27574;80;2844;0;   ;               
43782;80;2850;0;   ;               
27061;80;2852;0;   ;               
55736;80;2900;0;   ;               
26046;80;2911;0;   ;LOCAL          
2715;80;2925;0;   ;               
21959;80;2935;0;   ;               
26047;80;2936;0;   ;LOCAL          
41335;80;2940;0;   ;               
24838;80;2945;0;   ;               
4026;80;2955;0;   ;               
7235;80;2960;0;   ;               
24345;80;2966;0;   ;               
39856;80;2966;0;   ;FRENTE         
22071;80;2967;0;   ;               
14736;80;2973;0;   ;               
48682;80;2994;0;   ;LOCAL          
2896;80;2999;0;   ;               
6580;80;3002;0;   ;               
6088;80;3012;0;   ;               
32755;80;3016;0;   ;               
13455;80;3021;0;   ;               
14359;80;3026;0;   ;               
6898;80;3027;0;   ;               
16247;80;3030;0;   ;               
56547;80;3034;0;   ;               
39487;80;3035;0;   ;               
32300;80;3045;0;   ;               
10831;80;3050;0;   ;               
44704;80;3055;0;   ;               
38779;80;3066;0;   ;               
34422;80;3067;0;   ;               
6322;80;3075;0;   ;               
36911;80;3080;0;   ;               
48900;80;3086;0;   ;               
15794;80;3096;0;   ;               
4797;80;3097;0;   ;LOCAL          
50536;80;3097;0;   ;               
56006;80;3102;0;   ;               
27607;80;3104;0;   ;               
49964;80;3104;0;   ;FONDO          
14041;80;3113;0;   ;               
39824;80;3118;0;   ;               
6865;80;3124;0;   ;               
17996;80;3136;0;   ;               
34611;80;3144;0;   ;               
13029;80;3145;0;   ;               
15055;80;3147;0;   ;               
6796;80;3156;0;   ;               
35225;80;3157;0;   ;               
40880;80;3163;0;   ;               
17937;80;3164;0;   ;               
17933;80;3176;0;   ;               
4836;80;3179;0;   ;               
23290;80;3184;0;   ;               
31988;80;3187;0;   ;               
17965;80;3196;0;   ;               
37007;80;3212;0;   ;               
36300;80;3223;0;   ;               
50698;80;3224;0;   ;               
13985;80;3236;0;   ;               
18191;80;3240;0;   ;               
9556;80;3251;0;   ;               
16703;80;3256;0;   ;               
23967;80;3260;0;   ;               
52388;80;3276;0;   ;               
18208;80;3284;0;   ;               
32937;80;3319;0;   ;               
25314;80;3330;0;   ;               
44449;80;3335;0;   ;               
42188;80;3336;0;   ;               
52964;80;3355;0;   ;               
48251;80;3356;0;   ;               
31209;80;3363;0;   ;               
54020;80;3374;0;   ;               
50553;80;3377;0;   ;               
51753;80;3398;0;   ;               
50391;81;2604;0;   ;               
933;81;2606;0;   ;               
951;81;2610;0;   ;               
37075;81;2615;0;   ;               
14614;81;2625;0;   ;               
10042;81;2632;0;   ;               
36063;81;2635;0;   ;               
15729;81;2640;0;   ;               
9637;81;2645;0;   ;               
28236;81;2645;0;1;               
15871;81;2645;0;2;               
4871;81;2645;0;3;               
9636;81;2645;0;4;               
5667;81;2647;0;   ;               
11901;81;2655;0;   ;               
11902;81;2655;0;   ;FONDO          
7877;81;2664;0;   ;               
6830;81;2666;0;   ;               
2404;81;2671;0;   ;               
30985;81;2672;0;   ;               
45140;81;2676;0;   ;               
14576;81;2679;0;   ;               
9779;81;2684;0;   ;               
13467;81;2698;0;   ;               
13468;81;2698;0;   ;OBRAS PUBLICAS 
11775;81;2699;0;   ;               
55548;81;2700;0;   ;               
43766;81;2702;0;   ;LOCAL          
39650;81;2704;0;   ;               
55659;81;2705;0;   ;               
11296;81;2710;0;   ;               
55664;81;2711;0;   ;               
17500;81;2712;0;   ;               
36437;81;2713;0;   ;               
29629;81;2716;0;   ;               
55663;81;2725;0;   ;OBRAS PUBLICAS 
19547;81;2725;0;   ;               
13290;81;2734;0;   ;               
55660;81;2734;0;   ;OBRAS PUBLICAS 
40885;81;2735;0;   ;               
55662;81;2745;0;   ;OBRAS PUBLICAS 
13283;81;2745;0;   ;               
11196;81;2748;0;   ;               
17885;81;2750;0;   ;               
43585;81;2755;0;   ;               
43586;81;2755;0;   ;LOCAL          
41790;81;2765;0;   ;               
34642;81;2766;0;   ;               
15620;81;2775;0;   ;               
7258;81;2780;0;   ;               
32419;81;2800;0;   ;               
6822;81;2815;0;   ;               
37441;81;2820;0;   ;LOCAL          
55658;81;2824;0;   ;               
31328;81;2825;0;   ;               
3494;81;2826;0;   ;               
6372;81;2835;0;   ;               
3720;81;2836;0;   ;               
56159;81;2840;0;   ;               
38826;81;2844;0;   ;               
46644;81;2847;0;   ;FONDO          
11271;81;2851;0;   ;               
2818;81;2854;0;   ;               
36442;81;2855;0;   ;               
19239;81;2855;0;   ;FONDO          
19237;81;2855;0;   ;FRENTE         
11395;81;2860;0;   ;               
51490;81;2860;0;   ;FRENTE         
6320;81;2860;0;   ;FONDO          
16197;81;2874;0;   ;               
4193;81;2875;0;   ;               
56384;81;2894;0;   ;               
37844;81;2895;0;   ;               
31371;81;2902;0;   ;               
31372;81;2902;0;   ;LOCAL          
36924;81;2907;0;   ;               
18579;81;2926;0;   ;               
26461;81;2927;0;   ;               
25423;81;2931;0;   ;               
53698;81;2934;0;   ;               
42855;81;2946;0;   ;               
14512;81;2947;0;   ;               
14513;81;2953;0;   ;               
19266;81;2954;0;   ;               
23790;81;2954;0;   ;FONDO          
47449;81;2954;0;   ;INTERNO        
41832;81;2966;0;   ;               
53104;81;2978;0;   ;               
33441;81;2995;0;   ;               
37004;81;3013;0;   ;               
47926;81;3023;0;   ;               
32471;81;3024;0;   ;               
16997;81;3033;0;   ;               
17001;81;3043;0;   ;               
17003;81;3055;0;   ;               
49860;81;3064;0;   ;               
41227;81;3065;0;   ;LOCAL          
49260;81;3065;0;   ;               
41662;81;3067;0;   ;               
21814;81;3075;0;   ;               
52302;81;3076;0;   ;               
32154;81;3114;0;   ;               
52245;81;3115;0;   ;               
27683;81;3125;0;   ;               
51661;81;3144;0;   ;               
27069;81;3145;0;   ;               
33744;81;3156;0;   ;               
36708;81;3165;0;   ;               
56910;81;3175;0;   ;               
20824;81;3191;0;   ;               
7536;81;3193;0;   ;               
46024;81;3202;0;   ;               
2407;81;3203;0;   ;               
30238;81;3210;0;   ;               
29878;81;3214;0;   ;               
4688;81;3215;0;   ;               
36355;81;3225;0;   ;               
30044;81;3235;0;   ;               
27376;81;3240;0;   ;               
17431;81;3247;0;   ;               
6835;81;3250;0;   ;               
13727;81;3251;0;   ;               
6723;81;3255;0;   ;               
2985;81;3256;0;   ;               
54432;81;3261;0;   ;               
11366;81;3264;0;   ;               
56051;81;3265;0;   ;               
2986;81;3277;0;   ;               
3745;81;3287;0;   ;               
8277;81;3301;0;   ;               
17704;81;3304;0;   ;               
14409;81;3317;0;   ;               
33288;81;3330;0;   ;               
33278;81;3335;0;   ;               
20736;81;3340;0;   ;FONDO          
13105;81;3340;0;   ;               
6800;81;3344;0;   ;               
6492;81;3345;0;   ;               
30924;81;3353;0;   ;               
6495;81;3355;0;   ;               
21824;81;3356;0;   ;               
41793;81;3376;0;   ;               
36341;81;3382;0;   ;               
34696;81;3384;0;   ;               
10745;82;2629;0;   ;               
10987;82;2631;0;   ;               
12388;82;2649;0;   ;               
15340;82;2651;0;   ;               
37046;82;2669;0;   ;               
41667;82;2669;0;   ;FONDO          
7957;82;2671;0;   ;               
37632;82;2671;0;   ;FONDO          
46763;82;2706;0;   ;               
36874;82;2735;0;   ;               
11123;82;2747;0;   ;               
13946;82;2748;0;   ;               
34920;82;2757;0;   ;               
15286;82;2766;0;   ;FONDO          
33975;82;2766;0;   ;               
33099;82;2775;0;   ;               
32289;82;2776;0;   ;               
18038;82;2788;0;   ;               
7586;82;2799;0;   ;               
32619;82;2804;0;   ;               
27392;82;2805;0;   ;               
44455;82;2824;0;   ;               
37648;82;2831;0;   ;               
12321;82;2836;0;   ;               
29483;82;2845;0;   ;               
22426;82;2846;0;   ;               
46700;82;2853;0;   ;FONDO          
51429;82;2853;0;   ;FRENTE         
3627;82;2853;0;   ;               
47008;82;2853;0;FD ;FDO.           
33798;82;2855;0;   ;               
33843;82;2866;0;   ;               
37104;82;2866;0;   ;FONDO          
14939;82;2878;0;   ;               
725;82;2902;0;   ;BUZON          
30600;82;2915;0;   ;               
46782;82;2915;0;   ;LOCAL          
48104;82;2937;0;   ;               
29638;82;2949;0;   ;               
19049;82;2965;0;   ;               
16337;82;2987;0;   ;               
1645;82;2998;0;   ;               
27592;82;3004;0;   ;               
36345;82;3017;0;   ;               
11607;82;3023;0;   ;               
48552;82;3033;0;   ;               
88;82;3039;0;   ;               
28840;82;3055;0;   ;               
18096;82;3075;0;   ;               
33491;82;3099;0;   ;               
55373;82;3100;0;   ;               
26741;82;3103;0;   ;               
55636;82;3115;0;   ;               
26951;82;3117;0;   ;               
35766;82;3122;0;   ;               
13460;82;3125;0;   ;               
52035;82;3125;0;   ;31
26295;82;3133;0;   ;               
52843;82;3134;0;   ;41
26160;82;3134;0;   ;               
48618;82;3139;0;   ;LOCAL          
15111;82;3143;0;   ;               
35762;82;3146;0;   ;               
34875;82;3152;0;   ;               
55635;82;3155;0;   ;               
17940;82;3157;0;   ;               
17943;82;3163;0;   ;               
35847;82;3164;0;   ;               
55634;82;3175;0;   ;               
35870;82;3176;0;   ;               
17936;82;3177;0;   ;               
27095;82;3183;0;   ;               
34881;82;3184;0;   ;               
55633;82;3185;0;   ;               
17929;82;3197;0;   ;               
55378;82;3200;0;   ;               
46544;82;3202;0;   ;               
15453;82;3214;0;   ;               
44251;82;3224;0;   ;               
19199;82;3225;0;   ;               
41273;82;3235;0;   ;               
19196;82;3245;0;   ;               
34420;82;3250;0;   ;               
19192;82;3255;0;   ;               
38614;82;3256;0;   ;               
19163;82;3265;0;   ;               
52685;82;3272;0;   ;               
19186;82;3275;0;   ;               
28303;82;3302;0;   ;LOCAL          
47435;82;3303;0;   ;               
28302;82;3310;0;   ;               
25392;82;3325;0;   ;               
38711;82;3326;0;   ;               
53267;82;3335;0;   ;               
37961;82;3346;0;   ;               
44007;82;3348;0;   ;               
48394;82;3349;0;   ;               
39143;82;3355;0;   ;               
34435;82;3364;0;   ;               
29936;82;3374;0;   ;               
45674;82;3375;0;   ;               
29821;82;3386;0;   ;               
55686;83;2615;0;   ;               
14014;83;2623;0;   ;               
52261;83;2635;0;   ;               
42519;83;2643;0;   ;               
15993;83;2650;0;   ;               
22624;83;2656;0;   ;               
52703;83;2657;0;   ;               
49262;83;2660;0;   ;               
30660;83;2663;0;   ;               
8938;83;2673;0;   ;               
49261;83;2674;0;   ;               
27088;83;2685;0;   ;               
34201;83;2692;0;   ;               
18042;83;2697;0;   ;               
6692;83;2698;0;   ;               
55458;83;2700;0;   ;               
3420;83;2706;0;   ;               
14575;83;2710;0;   ;               
13444;83;2727;0;   ;               
38685;83;2728;0;   ;               
13182;83;2735;0;   ;               
11653;83;2736;0;   ;               
16713;83;2747;0;   ;               
40532;83;2753;0;   ;               
45568;83;2754;0;   ;               
5863;83;2756;0;   ;               
16797;83;2763;0;   ;               
2234;83;2773;0;   ;               
28239;83;2776;0;   ;               
12717;83;2798;0;   ;               
55457;83;2800;0;   ;               
56882;83;2818;0;   ;FD             
16201;83;2818;0;   ;               
56160;83;2840;0;   ;               
47608;83;2842;0;   ;               
32757;83;2853;0;   ;               
52486;83;2854;0;   ;               
16803;83;2860;0;   ;               
28984;83;2865;0;   ;               
6321;83;2866;0;   ;               
11609;83;2875;0;   ;               
44565;83;2876;0;   ;               
11748;83;2885;0;   ;               
29455;83;2896;0;   ;               
4817;83;2902;0;   ;               
9547;83;2915;0;   ;               
52384;83;2922;0;   ;               
53376;83;2925;0;   ;               
25259;83;2929;0;   ;               
42058;83;2934;0;   ;               
41674;83;2946;0;   ;               
15854;83;2956;0;   ;               
51491;83;2956;0;1;               
51492;83;2956;0;2;               
25489;83;2963;0;   ;               
44311;83;2966;0;   ;               
16019;83;2970;0;   ;               
11323;83;2975;0;   ;               
52862;83;2985;0;   ;               
16020;83;2988;0;   ;               
45543;83;3015;0;   ;               
29777;83;3024;0;   ;               
11121;83;3030;0;   ;               
10272;83;3044;0;   ;               
46594;83;3055;0;   ;               
33216;83;3063;0;   ;               
37446;83;3070;0;   ;FRENTE         
43783;83;3070;0;   ;FONDO          
17099;83;3070;0;   ;LOCAL          
17100;83;3070;0;   ;               
29116;83;3072;0;   ;               
29115;83;3074;0;   ;               
50016;83;3085;0;   ;FONDO          
21369;83;3085;0;   ;               
4121;83;3090;0;   ;               
37370;83;3097;0;   ;               
33261;83;3100;0;   ;               
43305;83;3112;0;   ;               
14177;83;3124;0;   ;               
54438;83;3134;0;   ;               
48336;83;3146;0;   ;               
28845;83;3156;0;   ;               
39854;83;3174;0;   ;               
46432;83;3224;0;   ;               
50004;83;3236;0;   ;               
53007;83;3244;0;   ;               
28625;83;3255;0;   ;               
29136;83;3275;0;   ;               
38317;83;3315;0;   ;               
51899;83;3323;0;   ;               
30251;83;3336;0;   ;               
47277;83;3343;0;   ;               
30528;83;3354;0;   ;               
36594;83;3354;0;   ;FONDO          
35204;83;3363;0;   ;               
34786;83;3366;0;   ;               
43713;84;2603;0;   ;               
36692;84;2604;0;   ;               
34889;84;2611;0;   ;               
32759;84;2612;0;   ;               
41397;84;2617;0;   ;               
43718;84;2618;0;   ;               
43722;84;2621;0;   ;               
43681;84;2622;0;   ;               
43692;84;2629;0;   ;               
42198;84;2638;0;   ;               
37501;84;2639;0;   ;               
44612;84;2646;0;   ;               
55979;84;2647;0;   ;               
23933;84;2652;0;   ;               
44000;84;2654;0;   ;               
33263;84;2655;0;   ;               
22327;84;2657;0;   ;               
29916;84;2663;0;   ;               
38825;84;2664;0;   ;               
21852;84;2675;0;   ;               
37878;84;2676;0;   ;               
39512;84;2683;0;   ;               
24318;84;2684;0;   ;               
43689;84;2691;0;   ;               
43747;84;2692;0;   ;               
790;84;2700;0;   ;               
54074;84;2704;0;   ;               
8039;84;2716;0;   ;               
31840;84;2721;0;   ;               
51263;84;2724;0;   ;               
18216;84;2726;0;   ;               
36511;84;2730;0;   ;               
43566;84;2745;0;   ;               
34755;84;2745;0;   ;LOCAL          
30669;84;2751;0;   ;               
278;84;2755;0;   ;               
30668;84;2765;0;   ;               
38944;84;2775;0;   ;               
20232;84;2780;0;   ;               
42079;84;2785;0;   ;               
34010;84;2794;0;   ;               
15790;84;2795;0;   ;               
31790;84;2803;0;   ;               
14589;84;2815;0;   ;               
34967;84;2825;0;   ;               
37962;84;2826;0;   ;               
19508;84;2832;0;   ;               
36707;84;2835;0;   ;               
34015;84;2845;0;   ;               
31838;84;2846;0;   ;               
9183;84;2847;0;   ;               
34000;84;2848;0;   ;               
14898;84;2851;0;   ;FONDO          
34105;84;2856;0;   ;               
26554;84;2863;0;   ;               
34011;84;2870;0;   ;               
15982;84;2886;0;   ;               
37469;84;2897;0;   ;               
55364;84;3100;0;   ;               
32432;84;3122;0;   ;               
33558;84;3123;0;   ;               
37685;84;3130;0;   ;               
36159;84;3134;0;   ;               
35757;84;3135;0;   ;               
31625;84;3146;0;   ;               
36897;84;3147;0;   ;               
36898;84;3147;0;   ;6
35906;84;3152;0;   ;               
13510;84;3153;0;   ;               
35965;84;3164;0;   ;               
35706;84;3165;0;   ;               
32936;84;3176;0;   ;               
32664;84;3177;0;   ;               
54725;84;3184;0;   ;45
35853;84;3184;0;   ;               
34876;84;3185;0;   ;               
54762;84;3185;3;   ;               
55369;84;3200;0;   ;               
45012;84;3315;0;   ;               
37410;84;3320;0;   ;               
56042;84;3325;0;   ;               
25093;84;3326;0;   ;               
31097;84;3327;0;   ;               
52730;84;3333;0;   ;               
19208;84;3335;0;   ;               
34693;84;3345;0;   ;               
30516;84;3346;0;   ;               
32204;84;3354;0;   ;               
46793;84;3355;0;   ;               
52629;84;3364;0;   ;FONDO          
34694;84;3365;0;   ;               
22459;84;3366;0;   ;               
41171;84;3377;0;   ;               
18700;84;3380;0;   ;               
29736;84;3386;0;   ;               
33371;84;3387;0;   ;               
8703;84;3390;0;   ;               
27191;84;3392;0;   ;               
46360;84;3398;0;   ;LOCAL          
46740;84;3398;0;   ;               
26365;85;2615;0;   ;               
9245;85;2619;0;   ;               
11715;85;2630;0;   ;               
18756;85;2663;0;   ;               
17863;85;2666;0;   ;               
33525;85;2670;0;   ;               
12038;85;2673;0;   ;               
9242;85;2684;0;   ;               
16683;85;2726;0;   ;               
16649;85;2730;0;   ;               
20523;85;2733;0;   ;               
16708;85;2744;0;   ;               
48322;85;2747;0;   ;               
16671;85;2756;0;   ;               
16701;85;2764;0;   ;               
16955;85;2776;0;   ;               
10592;85;2785;0;   ;               
10591;85;2795;0;   ;               
28896;85;2816;0;   ;               
31310;85;2824;0;   ;               
56871;85;2827;0;   ;               
44528;85;2844;0;   ;               
35453;85;2849;0;   ;               
51702;85;2855;0;   ;               
51213;85;2863;0;   ;               
49920;85;2866;0;   ;               
53714;85;2875;0;   ;               
21116;85;2887;0;   ;               
28012;85;2895;0;   ;               
37596;85;2905;0;   ;               
39526;85;2908;0;   ;               
43257;85;2915;0;   ;               
26315;85;2916;0;   ;               
46851;85;2924;0;   ;               
35879;85;2925;0;   ;               
40393;85;2933;0;   ;               
36529;85;2934;0;   ;               
33208;85;2945;0;   ;               
37497;85;2946;0;   ;               
36042;85;2956;0;   ;               
32614;85;2966;0;   ;               
36846;85;2976;0;   ;               
16707;85;2986;0;   ;               
37787;85;2998;0;   ;               
36062;85;3005;0;   ;               
45149;85;3011;0;   ;               
38979;85;3021;0;   ;               
38851;85;3045;0;   ;               
46455;85;3056;0;   ;               
24021;85;3083;0;   ;               
32327;85;3135;0;   ;               
45646;85;3136;0;   ;               
37733;85;3165;0;   ;               
55481;85;3200;0;   ;               
18548;85;3207;0;   ;               
27824;85;3213;0;   ;               
26791;85;3226;0;   ;               
36340;85;3227;0;   ;               
36270;85;3236;0;   ;               
18546;85;3237;0;   ;               
27894;85;3243;0;   ;               
43682;85;3256;0;   ;               
39145;85;3257;0;   ;               
18562;85;3263;0;   ;               
41960;85;3266;0;   ;               
17374;85;3273;0;   ;               
53353;85;3276;0;   ;               
15960;85;3287;0;   ;LOCAL          
14344;85;3287;0;   ;               
44611;85;3293;0;   ;               
26514;85;3307;0;   ;               
6572;85;3313;0;   ;               
37043;85;3314;0;   ;               
18574;85;3327;0;   ;               
54261;85;3332;0;   ;               
35752;85;3337;0;   ;               
18567;85;3343;0;   ;               
18545;85;3357;0;   ;               
18716;85;3363;0;   ;               
52339;85;3372;0;   ;               
21718;85;3373;0;   ;               
56548;85;3384;0;   ;               
21336;85;3387;0;   ;               
11487;85;3393;0;   ;               
18691;86;2706;0;   ;               
24673;86;2728;0;   ;               
18696;86;2742;0;   ;               
18694;86;2754;0;   ;               
14658;86;2763;0;   ;               
44179;86;2780;0;   ;               
34227;86;2798;0;   ;               
6368;86;2805;0;   ;               
34226;86;2822;0;   ;               
20596;86;2826;0;   ;FONDO          
56288;86;2832;0;   ;               
10477;86;2845;0;   ;               
26218;86;2848;0;   ;               
14821;86;2849;0;   ;               
47925;86;2853;0;   ;               
7974;86;2855;0;   ;               
26340;86;2865;0;   ;               
26341;86;2865;0;   ;FONDO          
18037;86;2871;0;   ;               
4848;86;2880;0;   ;               
41305;86;2901;0;   ;               
14454;86;2916;0;   ;               
15926;86;2930;0;   ;               
848;86;2935;0;   ;               
8931;86;2946;0;   ;               
10864;86;2948;0;   ;               
32927;86;2948;0;   ;FONDO          
20002;86;2956;0;   ;               
2370;86;2964;0;   ;               
2928;86;2970;0;   ;               
35206;86;3000;0;   ;               
55624;86;3028;0;   ;               
30435;86;3034;0;   ;               
30436;86;3034;0;   ;LOCAL          
49240;86;3034;0;LO ;LOC.           
2379;86;3040;0;   ;               
13896;86;3058;0;   ;               
43837;86;3062;0;   ;               
37645;86;3080;0;   ;               
21627;86;3082;0;   ;               
9254;86;3086;0;   ;               
9255;86;3090;0;   ;               
9253;86;3094;0;   ;               
46017;86;3098;0;   ;               
32960;86;3100;0;   ;               
55362;86;3101;0;   ;               
33595;86;3106;0;   ;               
36040;86;3116;0;   ;LOCAL          
26711;86;3116;0;   ;               
35810;86;3123;0;   ;               
17628;86;3128;0;   ;               
17471;86;3134;0;   ;               
32291;86;3135;0;   ;               
35424;86;3144;0;   ;               
36039;86;3147;0;   ;               
21164;86;3152;0;   ;               
16104;86;3153;0;   ;               
44671;86;3154;0;   ;               
31350;86;3160;0;   ;               
24777;86;3164;0;   ;               
47954;86;3164;0;   ;FONDO          
34857;86;3165;0;   ;               
11989;86;3170;0;   ;               
41962;86;3177;0;   ;               
48053;86;3182;0;   ;               
45982;86;3185;0;   ;               
37345;86;3185;0;2;               
52597;86;3193;0;   ;               
55380;86;3200;0;   ;               
55379;86;3201;0;   ;               
44723;86;3203;0;   ;               
19916;86;3238;0;   ;               
24325;86;3240;0;   ;               
14874;86;3246;0;   ;               
17627;86;3256;0;   ;               
35978;86;3258;0;   ;               
34661;86;3298;0;   ;               
46525;86;3305;0;   ;               
19577;86;3309;0;   ;               
28320;86;3315;0;   ;               
17501;86;3325;0;   ;               
42525;86;3335;0;   ;FONDO          
24366;86;3335;0;   ;FRENTE         
51127;86;3335;0;   ;               
35538;86;3336;0;   ;               
35632;86;3344;0;   ;               
20008;86;3347;0;   ;               
19821;86;3349;0;   ;               
35553;86;3356;0;   ;               
21531;86;3365;0;   ;               
36218;86;3368;0;   ;               
37781;86;3375;0;   ;               
35776;86;3376;0;   ;               
34577;86;3384;0;   ;               
29489;86;3385;0;   ;               
39322;86;3395;0;   ;               
16066;86;3396;0;   ;               
17993;87;2624;0;   ;               
17713;87;2665;0;   ;               
15925;87;2666;0;   ;               
36440;87;2671;0;   ;               
51657;87;2674;0;   ;               
36621;87;2695;0;   ;               
30406;87;2724;0;   ;               
51945;87;2734;0;   ;               
29954;87;2735;0;   ;               
53720;87;2744;0;   ;               
16108;87;2755;0;   ;               
52030;87;2763;0;   ;               
50453;87;2815;0;   ;               
43254;87;2826;0;   ;               
47770;87;2835;0;   ;               
34602;87;2836;0;   ;               
51667;87;2855;0;   ;               
48697;87;2864;0;   ;               
50437;87;2865;0;   ;               
45885;87;2873;0;   ;FONDO          
40801;87;2874;0;   ;               
38272;87;2875;0;   ;               
42059;87;2886;0;   ;               
50367;87;2895;0;   ;               
52492;87;2925;0;   ;               
21101;87;2935;0;   ;               
7717;87;2964;0;   ;               
30291;87;2974;0;   ;               
21104;87;2979;0;   ;               
54055;87;3034;0;   ;FONDO          
54218;87;3034;0;   ;FRENTE         
40523;87;3043;0;   ;               
47346;87;3046;0;   ;               
17329;87;3053;0;   ;               
56138;87;3055;0;   ;               
35840;87;3065;0;   ;               
45218;87;3075;0;   ;               
56808;87;3135;0;   ;               
54545;87;3145;0;   ;               
56968;87;3165;0;   ;               
47509;87;3173;0;   ;               
643;87;3201;0;   ;BUZON          
42206;87;3207;0;   ;               
18586;87;3208;0;   ;               
44864;87;3214;0;   ;               
18563;87;3228;0;   ;               
5800;87;3238;0;   ;               
37210;87;3244;0;   ;               
48956;87;3247;0;   ;               
15125;87;3255;0;   ;               
37584;87;3258;0;   ;               
14725;87;3262;0;   ;               
26897;87;3269;0;   ;               
18595;87;3272;0;   ;               
18549;87;3288;0;   ;               
9531;87;3294;0;   ;               
17328;87;3312;0;   ;               
18604;87;3328;0;   ;               
16230;87;3340;0;   ;               
29464;87;3342;0;   ;               
35174;87;3345;0;   ;               
18569;87;3358;0;   ;               
12672;87;3362;0;   ;               
26550;87;3372;0;   ;               
43304;87;3387;0;   ;               
35019;87;3388;0;   ;               
12101;87;3392;0;   ;               
27734;88;2706;0;   ;               
8899;88;2716;0;   ;               
15865;88;2717;0;   ;               
28930;88;2727;0;   ;               
18329;88;2733;0;   ;               
27022;88;2736;0;   ;               
37243;88;2746;0;   ;               
26784;88;2748;0;   ;               
15552;88;2750;0;   ;               
35365;88;2751;0;   ;               
19300;88;2755;0;   ;               
41585;88;2764;0;   ;               
25227;88;2765;0;   ;               
9493;88;2774;0;   ;               
17017;88;2777;0;   ;               
31700;88;2787;0;   ;               
11649;88;2797;0;   ;               
10891;88;2805;0;   ;               
17427;88;2812;0;   ;               
19047;88;2817;0;   ;FONDO          
11973;88;2817;0;   ;               
43983;88;2824;0;   ;               
24331;88;2827;0;   ;               
41937;88;2834;0;   ;               
38444;88;2836;0;   ;               
11977;88;2837;0;   ;               
11978;88;2841;0;   ;               
46572;88;2844;0;   ;               
11852;88;2849;0;   ;               
47900;88;2852;0;   ;               
35990;88;2855;0;   ;FONDO          
33271;88;2855;0;   ;               
6581;88;2856;0;   ;               
6582;88;2866;0;   ;               
27550;88;2867;0;   ;               
2774;88;2880;0;   ;               
9561;88;2895;0;   ;               
30849;88;2900;0;   ;               
33699;88;2912;0;   ;               
12107;88;2913;0;   ;               
7499;88;2924;0;   ;               
22813;88;2936;0;   ;               
24400;88;2946;0;   ;               
51586;88;2947;0;   ;               
4188;88;2950;0;   ;               
93;88;2950;0;   ;FONDO          
5305;88;2955;0;   ;               
22422;88;2955;0;   ;FONDO          
32365;88;2956;0;   ;               
23748;88;2958;0;   ;               
43661;88;2966;0;   ;COCHERA        
48361;88;2974;0;   ;LOCAL          
30814;88;2979;0;   ;               
36402;88;2985;0;   ;               
53981;88;2992;0;   ;               
42551;88;2992;0;   ;LOCAL          
23269;88;3019;0;   ;               
305;88;3035;0;   ;               
24449;88;3036;0;   ;               
13956;88;3041;0;   ;               
2449;88;3047;0;   ;               
7191;88;3050;0;   ;               
5152;88;3054;0;   ;               
4346;88;3056;0;   ;               
53360;88;3067;0;   ;               
47985;88;3115;0;   ;               
33074;88;3120;0;   ;               
27405;88;3125;0;   ;               
7068;88;3126;0;   ;               
51942;88;3135;0;   ;               
13487;88;3136;0;   ;               
31205;88;3144;0;   ;               
28806;88;3149;0;   ;               
31115;88;3154;0;   ;               
33628;88;3155;0;   ;               
25099;88;3160;0;   ;               
19934;88;3162;0;   ;               
12657;88;3163;0;   ;               
31925;88;3175;0;   ;               
19053;88;3189;0;   ;               
7557;88;3204;0;   ;               
52351;88;3212;0;   ;               
11631;88;3225;0;   ;               
16757;88;3227;0;   ;               
16010;88;3236;0;   ;               
29554;88;3240;0;   ;               
20220;88;3244;0;   ;               
24403;88;3245;0;   ;               
37834;88;3252;0;   ;               
18460;88;3260;0;   ;               
26344;88;3265;0;   ;               
18461;88;3266;0;   ;               
37831;88;3267;0;   ;               
19518;88;3271;0;   ;               
13984;88;3274;0;   ;               
19258;88;3288;0;   ;               
13925;89;2618;0;   ;               
32326;89;2626;0;   ;               
50059;89;2635;0;   ;               
28526;89;2651;0;   ;               
53467;89;2654;0;   ;               
17890;89;2662;0;   ;               
37552;89;2662;0;   ;               
51509;89;2663;0;   ;               
39476;89;2672;0;   ;               
49847;89;2694;0;   ;               
40681;89;2705;0;   ;               
48868;89;2724;0;   ;               
52651;89;2725;0;   ;               
41523;89;2735;0;   ;               
36160;89;2736;0;   ;               
25751;89;2744;0;   ;               
42450;89;2765;0;   ;               
46066;89;2777;0;   ;               
30412;89;2784;0;   ;               
52822;89;2794;0;   ;               
55914;89;2824;0;   ;               
35056;89;2835;0;   ;               
29268;89;2836;0;   ;               
55901;89;2840;0;   ;               
43273;89;2844;0;   ;               
34558;89;2874;0;   ;               
51110;89;2882;0;   ;               
52680;89;2926;0;   ;               
29619;89;2956;0;   ;               
32654;89;2964;0;   ;               
35984;89;2966;0;   ;               
53427;89;2976;0;   ;               
51762;89;3025;0;   ;               
31200;89;3026;0;   ;               
28672;89;3034;0;   ;               
46072;89;3035;0;   ;               
37450;89;3045;0;   ;               
28389;89;3054;0;   ;               
33201;89;3055;0;   ;               
33202;89;3065;0;   ;               
28353;89;3066;0;   ;               
37480;89;3067;0;   ;               
51346;89;3069;0;   ;               
50447;89;3087;0;   ;               
50346;91;2616;0;   ;               
30356;91;2688;0;   ;               
29270;91;2700;0;   ;               
47365;91;2734;0;   ;               
56034;91;2750;0;   ;               
54428;91;2760;0;   ;               
56788;91;2764;0;   ;               
796;91;2800;0;   ;               
2226;91;2810;0;   ;               
27746;91;2854;0;   ;               
18379;91;2926;0;   ;               
40486;91;2936;0;   ;               
27039;91;2956;0;   ;               
30142;91;2964;0;   ;               
26832;91;2976;0;   ;               
52100;91;3034;0;   ;               
46167;91;3046;0;   ;               
